# The recorded generated / ideal ns per call (aarch64, M5 Pro) that the bench's `recorded` column
# shows. Read at run time by src/main.rs (never compiled in: re-recording does not change the
# binary). Columns: program, input, generated ns, ideal ns, provenance (tab-separated).
#
# P1-P14: when the corpus was designed (research/optdesign/run_corpus1.txt, design §2.3); fixed.
# P15-P20: the O1 emission (`cgen_o1`), recorded by `run.sh --record` for the harness
# composition named on the `# composition <sha256>` line below. Code placement depends on what is linked into the binary, so these rows
# are comparable only while the composition is unchanged: `run.sh` recomputes it and fails a run
# whose composition differs (re-record with `run.sh --record`). Milestone gains never rely on
# this file: they are `O1 / current` in one binary, in both layouts.
# composition 294d6b84b213e9b4204b84071ad8d298d330c1e5c4707a840eadc000061c6305 (P15-P20 rows: the O1 emission, default layout, run.sh --record 2026-09-25, load 4.16 4.42 3.88)
P1	uniform bit length	9.96	0.97	design §2.3
P1	x < 34	1.90	0.96	design §2.3
P2	uniform bit length	4.24	0.59	design §2.3
P2	x < 34	5.98	0.51	design §2.3
P3	uniform bit length	4.59	0.51	design §2.3
P4	n uniform bit length	32.98	1.73	design §2.3
P4	n <= 33	28.63	1.81	design §2.3
P5	1 byte	1.13	1.13	design §2.3
P5	uniform bit length (1-10 B)	2.77	2.39	design §2.3
P5	9-10 bytes	3.33	2.97	design §2.3
P5b	4 x 1 byte	3.57	1.21	design §2.3
P5b	4 x uniform bit length	9.77	7.98	design §2.3
P6	uniform bit length	2.28	0.52	design §2.3
P6	x < 34	0.71	0.52	design §2.3
P7	segments 0-3 words	21.09	2.13	design §2.3
P7	segments 0-60 words	84.82	38.43	design §2.3
P8	k uniform 0..=64	11.77	10.57	design §2.3
P9	16 words	1.47	1.49	design §2.3
P10	16 words	4.96	1.57	design §2.3
P9	4096 words	138.95	139.46	design §2.3
P10	4096 words	1005.98	231.60	design §2.3
P11	uniform ctz	10.41	0.51	design §2.3
P12	16 B, stop at 0-9	2.45	1.27	design §2.3
P12	256 B, stop uniform	28.82	4.12	design §2.3
P13	uniform	9.01	0.68	design §2.3
P14	n < 2^16	0.72	0.52	design §2.3
P15	16 leaves	78.56	8.12	O1 emission, composition 294d6b84b213, 2026-09-25
P15	256 leaves	1682.11	175.12	O1 emission, composition 294d6b84b213, 2026-09-25
P16	K = 8, 20 levels	281.00	86.41	O1 emission, composition 294d6b84b213, 2026-09-25
P17	256 blocks (16 KiB), ns per 64 B block	156.84	11.05	O1 emission, composition 294d6b84b213, 2026-09-25
P18	256 inputs	3.50	3.68	O1 emission, composition 294d6b84b213, 2026-09-25
P18	256 inputs, overflow-checks = true	5.07	3.66	O1 emission, composition 294d6b84b213, 2026-09-25
P20	256 inputs	83.81	84.10	O1 emission, composition 294d6b84b213, 2026-09-25
