command,scope,metric,bytes,dimensions_json
002-ack-N1000000-A1000000-B512-K1-W0-H0-timed,durable_ack metadata,activity_append,132000000,"{""a"":1000000,""b"":512,""backend"":""tokio_filesystem"",""boundary"":""encoded_dealing_to_seal_and_production_persist_candidate_return"",""h"":0,""k"":1,""n"":1000000,""native_strategy"":""rayon_adaptive"",""native_worker_pools"":1,""public_store_concurrency"":3,""runtime_workers"":2,""w"":0,""workers"":16}"
002-ack-N1000000-A1000000-B512-K1-W0-H0-timed,durable_ack metadata,encoded_dealing,102750004,"{""a"":1000000,""b"":512,""backend"":""tokio_filesystem"",""boundary"":""encoded_dealing_to_seal_and_production_persist_candidate_return"",""h"":0,""k"":1,""n"":1000000,""native_strategy"":""rayon_adaptive"",""native_worker_pools"":1,""public_store_concurrency"":3,""runtime_workers"":2,""w"":0,""workers"":16}"
002-ack-N1000000-A1000000-B512-K1-W0-H0-timed,durable_ack metadata,native_cache_budget,1073741824,"{""a"":1000000,""b"":512,""backend"":""tokio_filesystem"",""boundary"":""encoded_dealing_to_seal_and_production_persist_candidate_return"",""h"":0,""k"":1,""n"":1000000,""native_strategy"":""rayon_adaptive"",""native_worker_pools"":1,""public_store_concurrency"":3,""runtime_workers"":2,""w"":0,""workers"":16}"
002-ack-N1000000-A1000000-B512-K1-W0-H0-timed,durable_ack metadata,native_logical_page,4084,"{""a"":1000000,""b"":512,""backend"":""tokio_filesystem"",""boundary"":""encoded_dealing_to_seal_and_production_persist_candidate_return"",""h"":0,""k"":1,""n"":1000000,""native_strategy"":""rayon_adaptive"",""native_worker_pools"":1,""public_store_concurrency"":3,""runtime_workers"":2,""w"":0,""workers"":16}"
002-ack-N1000000-A1000000-B512-K1-W0-H0-timed,durable_ack metadata,native_payout_write_buffer,8388608,"{""a"":1000000,""b"":512,""backend"":""tokio_filesystem"",""boundary"":""encoded_dealing_to_seal_and_production_persist_candidate_return"",""h"":0,""k"":1,""n"":1000000,""native_strategy"":""rayon_adaptive"",""native_worker_pools"":1,""public_store_concurrency"":3,""runtime_workers"":2,""w"":0,""workers"":16}"
002-ack-N1000000-A1000000-B512-K1-W0-H0-timed,durable_ack metadata,native_physical_page,4096,"{""a"":1000000,""b"":512,""backend"":""tokio_filesystem"",""boundary"":""encoded_dealing_to_seal_and_production_persist_candidate_return"",""h"":0,""k"":1,""n"":1000000,""native_strategy"":""rayon_adaptive"",""native_worker_pools"":1,""public_store_concurrency"":3,""runtime_workers"":2,""w"":0,""workers"":16}"
002-ack-N1000000-A1000000-B512-K1-W0-H0-timed,durable_ack metadata,native_private_write_replay_buffer,8388608,"{""a"":1000000,""b"":512,""backend"":""tokio_filesystem"",""boundary"":""encoded_dealing_to_seal_and_production_persist_candidate_return"",""h"":0,""k"":1,""n"":1000000,""native_strategy"":""rayon_adaptive"",""native_worker_pools"":1,""public_store_concurrency"":3,""runtime_workers"":2,""w"":0,""workers"":16}"
002-ack-N1000000-A1000000-B512-K1-W0-H0-timed,durable_ack metadata,native_replay_buffer,8388608,"{""a"":1000000,""b"":512,""backend"":""tokio_filesystem"",""boundary"":""encoded_dealing_to_seal_and_production_persist_candidate_return"",""h"":0,""k"":1,""n"":1000000,""native_strategy"":""rayon_adaptive"",""native_worker_pools"":1,""public_store_concurrency"":3,""runtime_workers"":2,""w"":0,""workers"":16}"
002-ack-N1000000-A1000000-B512-K1-W0-H0-timed,durable_ack metadata,native_state_activity_write_buffer,268435456,"{""a"":1000000,""b"":512,""backend"":""tokio_filesystem"",""boundary"":""encoded_dealing_to_seal_and_production_persist_candidate_return"",""h"":0,""k"":1,""n"":1000000,""native_strategy"":""rayon_adaptive"",""native_worker_pools"":1,""public_store_concurrency"":3,""runtime_workers"":2,""w"":0,""workers"":16}"
002-ack-N1000000-A1000000-B512-K1-W0-H0-timed,durable_ack metadata,payout_output,0,"{""a"":1000000,""b"":512,""backend"":""tokio_filesystem"",""boundary"":""encoded_dealing_to_seal_and_production_persist_candidate_return"",""h"":0,""k"":1,""n"":1000000,""native_strategy"":""rayon_adaptive"",""native_worker_pools"":1,""public_store_concurrency"":3,""runtime_workers"":2,""w"":0,""workers"":16}"
002-ack-N1000000-A1000000-B512-K1-W0-H0-timed,durable_ack metadata,withdrawal_output,0,"{""a"":1000000,""b"":512,""backend"":""tokio_filesystem"",""boundary"":""encoded_dealing_to_seal_and_production_persist_candidate_return"",""h"":0,""k"":1,""n"":1000000,""native_strategy"":""rayon_adaptive"",""native_worker_pools"":1,""public_store_concurrency"":3,""runtime_workers"":2,""w"":0,""workers"":16}"
003-ack-N1000000-A100000-B512-K1-W0-H0-timed,durable_ack metadata,activity_append,13200000,"{""a"":100000,""b"":512,""backend"":""tokio_filesystem"",""boundary"":""encoded_dealing_to_seal_and_production_persist_candidate_return"",""h"":0,""k"":1,""n"":1000000,""native_strategy"":""rayon_adaptive"",""native_worker_pools"":1,""public_store_concurrency"":3,""runtime_workers"":2,""w"":0,""workers"":16}"
003-ack-N1000000-A100000-B512-K1-W0-H0-timed,durable_ack metadata,encoded_dealing,10274964,"{""a"":100000,""b"":512,""backend"":""tokio_filesystem"",""boundary"":""encoded_dealing_to_seal_and_production_persist_candidate_return"",""h"":0,""k"":1,""n"":1000000,""native_strategy"":""rayon_adaptive"",""native_worker_pools"":1,""public_store_concurrency"":3,""runtime_workers"":2,""w"":0,""workers"":16}"
003-ack-N1000000-A100000-B512-K1-W0-H0-timed,durable_ack metadata,native_cache_budget,1073741824,"{""a"":100000,""b"":512,""backend"":""tokio_filesystem"",""boundary"":""encoded_dealing_to_seal_and_production_persist_candidate_return"",""h"":0,""k"":1,""n"":1000000,""native_strategy"":""rayon_adaptive"",""native_worker_pools"":1,""public_store_concurrency"":3,""runtime_workers"":2,""w"":0,""workers"":16}"
003-ack-N1000000-A100000-B512-K1-W0-H0-timed,durable_ack metadata,native_logical_page,4084,"{""a"":100000,""b"":512,""backend"":""tokio_filesystem"",""boundary"":""encoded_dealing_to_seal_and_production_persist_candidate_return"",""h"":0,""k"":1,""n"":1000000,""native_strategy"":""rayon_adaptive"",""native_worker_pools"":1,""public_store_concurrency"":3,""runtime_workers"":2,""w"":0,""workers"":16}"
003-ack-N1000000-A100000-B512-K1-W0-H0-timed,durable_ack metadata,native_payout_write_buffer,8388608,"{""a"":100000,""b"":512,""backend"":""tokio_filesystem"",""boundary"":""encoded_dealing_to_seal_and_production_persist_candidate_return"",""h"":0,""k"":1,""n"":1000000,""native_strategy"":""rayon_adaptive"",""native_worker_pools"":1,""public_store_concurrency"":3,""runtime_workers"":2,""w"":0,""workers"":16}"
003-ack-N1000000-A100000-B512-K1-W0-H0-timed,durable_ack metadata,native_physical_page,4096,"{""a"":100000,""b"":512,""backend"":""tokio_filesystem"",""boundary"":""encoded_dealing_to_seal_and_production_persist_candidate_return"",""h"":0,""k"":1,""n"":1000000,""native_strategy"":""rayon_adaptive"",""native_worker_pools"":1,""public_store_concurrency"":3,""runtime_workers"":2,""w"":0,""workers"":16}"
003-ack-N1000000-A100000-B512-K1-W0-H0-timed,durable_ack metadata,native_private_write_replay_buffer,8388608,"{""a"":100000,""b"":512,""backend"":""tokio_filesystem"",""boundary"":""encoded_dealing_to_seal_and_production_persist_candidate_return"",""h"":0,""k"":1,""n"":1000000,""native_strategy"":""rayon_adaptive"",""native_worker_pools"":1,""public_store_concurrency"":3,""runtime_workers"":2,""w"":0,""workers"":16}"
003-ack-N1000000-A100000-B512-K1-W0-H0-timed,durable_ack metadata,native_replay_buffer,8388608,"{""a"":100000,""b"":512,""backend"":""tokio_filesystem"",""boundary"":""encoded_dealing_to_seal_and_production_persist_candidate_return"",""h"":0,""k"":1,""n"":1000000,""native_strategy"":""rayon_adaptive"",""native_worker_pools"":1,""public_store_concurrency"":3,""runtime_workers"":2,""w"":0,""workers"":16}"
003-ack-N1000000-A100000-B512-K1-W0-H0-timed,durable_ack metadata,native_state_activity_write_buffer,268435456,"{""a"":100000,""b"":512,""backend"":""tokio_filesystem"",""boundary"":""encoded_dealing_to_seal_and_production_persist_candidate_return"",""h"":0,""k"":1,""n"":1000000,""native_strategy"":""rayon_adaptive"",""native_worker_pools"":1,""public_store_concurrency"":3,""runtime_workers"":2,""w"":0,""workers"":16}"
003-ack-N1000000-A100000-B512-K1-W0-H0-timed,durable_ack metadata,payout_output,0,"{""a"":100000,""b"":512,""backend"":""tokio_filesystem"",""boundary"":""encoded_dealing_to_seal_and_production_persist_candidate_return"",""h"":0,""k"":1,""n"":1000000,""native_strategy"":""rayon_adaptive"",""native_worker_pools"":1,""public_store_concurrency"":3,""runtime_workers"":2,""w"":0,""workers"":16}"
003-ack-N1000000-A100000-B512-K1-W0-H0-timed,durable_ack metadata,withdrawal_output,0,"{""a"":100000,""b"":512,""backend"":""tokio_filesystem"",""boundary"":""encoded_dealing_to_seal_and_production_persist_candidate_return"",""h"":0,""k"":1,""n"":1000000,""native_strategy"":""rayon_adaptive"",""native_worker_pools"":1,""public_store_concurrency"":3,""runtime_workers"":2,""w"":0,""workers"":16}"
004-ack-N1000000-A10000-B512-K1-W0-H0-timed,durable_ack metadata,activity_append,1320000,"{""a"":10000,""b"":512,""backend"":""tokio_filesystem"",""boundary"":""encoded_dealing_to_seal_and_production_persist_candidate_return"",""h"":0,""k"":1,""n"":1000000,""native_strategy"":""rayon_adaptive"",""native_worker_pools"":1,""public_store_concurrency"":3,""runtime_workers"":2,""w"":0,""workers"":16}"
004-ack-N1000000-A10000-B512-K1-W0-H0-timed,durable_ack metadata,encoded_dealing,1027491,"{""a"":10000,""b"":512,""backend"":""tokio_filesystem"",""boundary"":""encoded_dealing_to_seal_and_production_persist_candidate_return"",""h"":0,""k"":1,""n"":1000000,""native_strategy"":""rayon_adaptive"",""native_worker_pools"":1,""public_store_concurrency"":3,""runtime_workers"":2,""w"":0,""workers"":16}"
004-ack-N1000000-A10000-B512-K1-W0-H0-timed,durable_ack metadata,native_cache_budget,1073741824,"{""a"":10000,""b"":512,""backend"":""tokio_filesystem"",""boundary"":""encoded_dealing_to_seal_and_production_persist_candidate_return"",""h"":0,""k"":1,""n"":1000000,""native_strategy"":""rayon_adaptive"",""native_worker_pools"":1,""public_store_concurrency"":3,""runtime_workers"":2,""w"":0,""workers"":16}"
004-ack-N1000000-A10000-B512-K1-W0-H0-timed,durable_ack metadata,native_logical_page,4084,"{""a"":10000,""b"":512,""backend"":""tokio_filesystem"",""boundary"":""encoded_dealing_to_seal_and_production_persist_candidate_return"",""h"":0,""k"":1,""n"":1000000,""native_strategy"":""rayon_adaptive"",""native_worker_pools"":1,""public_store_concurrency"":3,""runtime_workers"":2,""w"":0,""workers"":16}"
004-ack-N1000000-A10000-B512-K1-W0-H0-timed,durable_ack metadata,native_payout_write_buffer,8388608,"{""a"":10000,""b"":512,""backend"":""tokio_filesystem"",""boundary"":""encoded_dealing_to_seal_and_production_persist_candidate_return"",""h"":0,""k"":1,""n"":1000000,""native_strategy"":""rayon_adaptive"",""native_worker_pools"":1,""public_store_concurrency"":3,""runtime_workers"":2,""w"":0,""workers"":16}"
004-ack-N1000000-A10000-B512-K1-W0-H0-timed,durable_ack metadata,native_physical_page,4096,"{""a"":10000,""b"":512,""backend"":""tokio_filesystem"",""boundary"":""encoded_dealing_to_seal_and_production_persist_candidate_return"",""h"":0,""k"":1,""n"":1000000,""native_strategy"":""rayon_adaptive"",""native_worker_pools"":1,""public_store_concurrency"":3,""runtime_workers"":2,""w"":0,""workers"":16}"
004-ack-N1000000-A10000-B512-K1-W0-H0-timed,durable_ack metadata,native_private_write_replay_buffer,8388608,"{""a"":10000,""b"":512,""backend"":""tokio_filesystem"",""boundary"":""encoded_dealing_to_seal_and_production_persist_candidate_return"",""h"":0,""k"":1,""n"":1000000,""native_strategy"":""rayon_adaptive"",""native_worker_pools"":1,""public_store_concurrency"":3,""runtime_workers"":2,""w"":0,""workers"":16}"
004-ack-N1000000-A10000-B512-K1-W0-H0-timed,durable_ack metadata,native_replay_buffer,8388608,"{""a"":10000,""b"":512,""backend"":""tokio_filesystem"",""boundary"":""encoded_dealing_to_seal_and_production_persist_candidate_return"",""h"":0,""k"":1,""n"":1000000,""native_strategy"":""rayon_adaptive"",""native_worker_pools"":1,""public_store_concurrency"":3,""runtime_workers"":2,""w"":0,""workers"":16}"
004-ack-N1000000-A10000-B512-K1-W0-H0-timed,durable_ack metadata,native_state_activity_write_buffer,268435456,"{""a"":10000,""b"":512,""backend"":""tokio_filesystem"",""boundary"":""encoded_dealing_to_seal_and_production_persist_candidate_return"",""h"":0,""k"":1,""n"":1000000,""native_strategy"":""rayon_adaptive"",""native_worker_pools"":1,""public_store_concurrency"":3,""runtime_workers"":2,""w"":0,""workers"":16}"
004-ack-N1000000-A10000-B512-K1-W0-H0-timed,durable_ack metadata,payout_output,0,"{""a"":10000,""b"":512,""backend"":""tokio_filesystem"",""boundary"":""encoded_dealing_to_seal_and_production_persist_candidate_return"",""h"":0,""k"":1,""n"":1000000,""native_strategy"":""rayon_adaptive"",""native_worker_pools"":1,""public_store_concurrency"":3,""runtime_workers"":2,""w"":0,""workers"":16}"
004-ack-N1000000-A10000-B512-K1-W0-H0-timed,durable_ack metadata,withdrawal_output,0,"{""a"":10000,""b"":512,""backend"":""tokio_filesystem"",""boundary"":""encoded_dealing_to_seal_and_production_persist_candidate_return"",""h"":0,""k"":1,""n"":1000000,""native_strategy"":""rayon_adaptive"",""native_worker_pools"":1,""public_store_concurrency"":3,""runtime_workers"":2,""w"":0,""workers"":16}"
005-ack-N1000000-A1000-B512-K1-W0-H0-timed,durable_ack metadata,activity_append,132000,"{""a"":1000,""b"":512,""backend"":""tokio_filesystem"",""boundary"":""encoded_dealing_to_seal_and_production_persist_candidate_return"",""h"":0,""k"":1,""n"":1000000,""native_strategy"":""rayon_adaptive"",""native_worker_pools"":1,""public_store_concurrency"":3,""runtime_workers"":2,""w"":0,""workers"":16}"
005-ack-N1000000-A1000-B512-K1-W0-H0-timed,durable_ack metadata,encoded_dealing,102795,"{""a"":1000,""b"":512,""backend"":""tokio_filesystem"",""boundary"":""encoded_dealing_to_seal_and_production_persist_candidate_return"",""h"":0,""k"":1,""n"":1000000,""native_strategy"":""rayon_adaptive"",""native_worker_pools"":1,""public_store_concurrency"":3,""runtime_workers"":2,""w"":0,""workers"":16}"
005-ack-N1000000-A1000-B512-K1-W0-H0-timed,durable_ack metadata,native_cache_budget,1073741824,"{""a"":1000,""b"":512,""backend"":""tokio_filesystem"",""boundary"":""encoded_dealing_to_seal_and_production_persist_candidate_return"",""h"":0,""k"":1,""n"":1000000,""native_strategy"":""rayon_adaptive"",""native_worker_pools"":1,""public_store_concurrency"":3,""runtime_workers"":2,""w"":0,""workers"":16}"
005-ack-N1000000-A1000-B512-K1-W0-H0-timed,durable_ack metadata,native_logical_page,4084,"{""a"":1000,""b"":512,""backend"":""tokio_filesystem"",""boundary"":""encoded_dealing_to_seal_and_production_persist_candidate_return"",""h"":0,""k"":1,""n"":1000000,""native_strategy"":""rayon_adaptive"",""native_worker_pools"":1,""public_store_concurrency"":3,""runtime_workers"":2,""w"":0,""workers"":16}"
005-ack-N1000000-A1000-B512-K1-W0-H0-timed,durable_ack metadata,native_payout_write_buffer,8388608,"{""a"":1000,""b"":512,""backend"":""tokio_filesystem"",""boundary"":""encoded_dealing_to_seal_and_production_persist_candidate_return"",""h"":0,""k"":1,""n"":1000000,""native_strategy"":""rayon_adaptive"",""native_worker_pools"":1,""public_store_concurrency"":3,""runtime_workers"":2,""w"":0,""workers"":16}"
005-ack-N1000000-A1000-B512-K1-W0-H0-timed,durable_ack metadata,native_physical_page,4096,"{""a"":1000,""b"":512,""backend"":""tokio_filesystem"",""boundary"":""encoded_dealing_to_seal_and_production_persist_candidate_return"",""h"":0,""k"":1,""n"":1000000,""native_strategy"":""rayon_adaptive"",""native_worker_pools"":1,""public_store_concurrency"":3,""runtime_workers"":2,""w"":0,""workers"":16}"
005-ack-N1000000-A1000-B512-K1-W0-H0-timed,durable_ack metadata,native_private_write_replay_buffer,8388608,"{""a"":1000,""b"":512,""backend"":""tokio_filesystem"",""boundary"":""encoded_dealing_to_seal_and_production_persist_candidate_return"",""h"":0,""k"":1,""n"":1000000,""native_strategy"":""rayon_adaptive"",""native_worker_pools"":1,""public_store_concurrency"":3,""runtime_workers"":2,""w"":0,""workers"":16}"
005-ack-N1000000-A1000-B512-K1-W0-H0-timed,durable_ack metadata,native_replay_buffer,8388608,"{""a"":1000,""b"":512,""backend"":""tokio_filesystem"",""boundary"":""encoded_dealing_to_seal_and_production_persist_candidate_return"",""h"":0,""k"":1,""n"":1000000,""native_strategy"":""rayon_adaptive"",""native_worker_pools"":1,""public_store_concurrency"":3,""runtime_workers"":2,""w"":0,""workers"":16}"
005-ack-N1000000-A1000-B512-K1-W0-H0-timed,durable_ack metadata,native_state_activity_write_buffer,268435456,"{""a"":1000,""b"":512,""backend"":""tokio_filesystem"",""boundary"":""encoded_dealing_to_seal_and_production_persist_candidate_return"",""h"":0,""k"":1,""n"":1000000,""native_strategy"":""rayon_adaptive"",""native_worker_pools"":1,""public_store_concurrency"":3,""runtime_workers"":2,""w"":0,""workers"":16}"
005-ack-N1000000-A1000-B512-K1-W0-H0-timed,durable_ack metadata,payout_output,0,"{""a"":1000,""b"":512,""backend"":""tokio_filesystem"",""boundary"":""encoded_dealing_to_seal_and_production_persist_candidate_return"",""h"":0,""k"":1,""n"":1000000,""native_strategy"":""rayon_adaptive"",""native_worker_pools"":1,""public_store_concurrency"":3,""runtime_workers"":2,""w"":0,""workers"":16}"
005-ack-N1000000-A1000-B512-K1-W0-H0-timed,durable_ack metadata,withdrawal_output,0,"{""a"":1000,""b"":512,""backend"":""tokio_filesystem"",""boundary"":""encoded_dealing_to_seal_and_production_persist_candidate_return"",""h"":0,""k"":1,""n"":1000000,""native_strategy"":""rayon_adaptive"",""native_worker_pools"":1,""public_store_concurrency"":3,""runtime_workers"":2,""w"":0,""workers"":16}"
006-activity-H0-R1000-check,native_activity presence,lookup,381,"{""H"":""0"",""R"":""1000"",""floor"":""0"",""operations"":""1002""}"
006-activity-H0-R1000-check,native_activity presence,head,48,"{""H"":""0"",""R"":""1000"",""floor"":""0"",""operations"":""1002""}"
006-activity-H0-R1000-check,native_activity absence_left,lookup,416,"{""H"":""0"",""R"":""1000"",""floor"":""0"",""operations"":""1002""}"
006-activity-H0-R1000-check,native_activity absence_left,head,48,"{""H"":""0"",""R"":""1000"",""floor"":""0"",""operations"":""1002""}"
006-activity-H0-R1000-check,native_activity absence_adjacent,lookup,464,"{""H"":""0"",""R"":""1000"",""floor"":""0"",""operations"":""1002""}"
006-activity-H0-R1000-check,native_activity absence_adjacent,head,48,"{""H"":""0"",""R"":""1000"",""floor"":""0"",""operations"":""1002""}"
006-activity-H0-R1000-check,native_activity absence_right,lookup,320,"{""H"":""0"",""R"":""1000"",""floor"":""0"",""operations"":""1002""}"
006-activity-H0-R1000-check,native_activity absence_right,head,48,"{""H"":""0"",""R"":""1000"",""floor"":""0"",""operations"":""1002""}"
007-activity-H0-R10000-check,native_activity presence,lookup,509,"{""H"":""0"",""R"":""10000"",""floor"":""0"",""operations"":""10002""}"
007-activity-H0-R10000-check,native_activity presence,head,48,"{""H"":""0"",""R"":""10000"",""floor"":""0"",""operations"":""10002""}"
007-activity-H0-R10000-check,native_activity absence_left,lookup,544,"{""H"":""0"",""R"":""10000"",""floor"":""0"",""operations"":""10002""}"
007-activity-H0-R10000-check,native_activity absence_left,head,48,"{""H"":""0"",""R"":""10000"",""floor"":""0"",""operations"":""10002""}"
007-activity-H0-R10000-check,native_activity absence_adjacent,lookup,592,"{""H"":""0"",""R"":""10000"",""floor"":""0"",""operations"":""10002""}"
007-activity-H0-R10000-check,native_activity absence_adjacent,head,48,"{""H"":""0"",""R"":""10000"",""floor"":""0"",""operations"":""10002""}"
007-activity-H0-R10000-check,native_activity absence_right,lookup,288,"{""H"":""0"",""R"":""10000"",""floor"":""0"",""operations"":""10002""}"
007-activity-H0-R10000-check,native_activity absence_right,head,48,"{""H"":""0"",""R"":""10000"",""floor"":""0"",""operations"":""10002""}"
008-activity-H0-R100000-check,native_activity presence,lookup,606,"{""H"":""0"",""R"":""100000"",""floor"":""0"",""operations"":""100002""}"
008-activity-H0-R100000-check,native_activity presence,head,48,"{""H"":""0"",""R"":""100000"",""floor"":""0"",""operations"":""100002""}"
008-activity-H0-R100000-check,native_activity absence_left,lookup,641,"{""H"":""0"",""R"":""100000"",""floor"":""0"",""operations"":""100002""}"
008-activity-H0-R100000-check,native_activity absence_left,head,48,"{""H"":""0"",""R"":""100000"",""floor"":""0"",""operations"":""100002""}"
008-activity-H0-R100000-check,native_activity absence_adjacent,lookup,689,"{""H"":""0"",""R"":""100000"",""floor"":""0"",""operations"":""100002""}"
008-activity-H0-R100000-check,native_activity absence_adjacent,head,48,"{""H"":""0"",""R"":""100000"",""floor"":""0"",""operations"":""100002""}"
008-activity-H0-R100000-check,native_activity absence_right,lookup,321,"{""H"":""0"",""R"":""100000"",""floor"":""0"",""operations"":""100002""}"
008-activity-H0-R100000-check,native_activity absence_right,head,48,"{""H"":""0"",""R"":""100000"",""floor"":""0"",""operations"":""100002""}"
009-activity-H0-R1000000-check,native_activity presence,lookup,702,"{""H"":""0"",""R"":""1000000"",""floor"":""0"",""operations"":""1000002""}"
009-activity-H0-R1000000-check,native_activity presence,head,48,"{""H"":""0"",""R"":""1000000"",""floor"":""0"",""operations"":""1000002""}"
009-activity-H0-R1000000-check,native_activity absence_left,lookup,737,"{""H"":""0"",""R"":""1000000"",""floor"":""0"",""operations"":""1000002""}"
009-activity-H0-R1000000-check,native_activity absence_left,head,48,"{""H"":""0"",""R"":""1000000"",""floor"":""0"",""operations"":""1000002""}"
009-activity-H0-R1000000-check,native_activity absence_adjacent,lookup,785,"{""H"":""0"",""R"":""1000000"",""floor"":""0"",""operations"":""1000002""}"
009-activity-H0-R1000000-check,native_activity absence_adjacent,head,48,"{""H"":""0"",""R"":""1000000"",""floor"":""0"",""operations"":""1000002""}"
009-activity-H0-R1000000-check,native_activity absence_right,lookup,353,"{""H"":""0"",""R"":""1000000"",""floor"":""0"",""operations"":""1000002""}"
009-activity-H0-R1000000-check,native_activity absence_right,head,48,"{""H"":""0"",""R"":""1000000"",""floor"":""0"",""operations"":""1000002""}"
010-challenge-1000000-1000-512-1,clearing activity disclosure:,core,16,"{""A"":""1000"",""B"":""512"",""K"":""1"",""N"":""1000000""}"
010-challenge-1000000-1000-512-1,clearing activity disclosure:,value,48,"{""A"":""1000"",""B"":""512"",""K"":""1"",""N"":""1000000""}"
010-challenge-1000000-1000-512-1,clearing activity disclosure:,account_change,80,"{""A"":""1000"",""B"":""512"",""K"":""1"",""N"":""1000000""}"
010-challenge-1000000-1000-512-1,clearing sizes:,identical_dealing,102795,"{""A"":""1000"",""B"":""512"",""E"":""1000"",""K"":""1"",""N"":""1000000"",""rows"":""1000"",""validators"":""100""}"
010-challenge-1000000-1000-512-1,clearing sizes:,dealt_egress,10279500,"{""A"":""1000"",""B"":""512"",""E"":""1000"",""K"":""1"",""N"":""1000000"",""rows"":""1000"",""validators"":""100""}"
010-challenge-1000000-1000-512-1,clearing sizes:,integrated_commitment,32,"{""A"":""1000"",""B"":""512"",""E"":""1000"",""K"":""1"",""N"":""1000000"",""rows"":""1000"",""validators"":""100""}"
010-challenge-1000000-1000-512-1,clearing sizes:,root_bundle,184,"{""A"":""1000"",""B"":""512"",""E"":""1000"",""K"":""1"",""N"":""1000000"",""rows"":""1000"",""validators"":""100""}"
010-challenge-1000000-1000-512-1,clearing sizes:,withdrawal_total,8,"{""A"":""1000"",""B"":""512"",""E"":""1000"",""K"":""1"",""N"":""1000000"",""rows"":""1000"",""validators"":""100""}"
010-challenge-1000000-1000-512-1,clearing sizes:,descriptor,192,"{""A"":""1000"",""B"":""512"",""E"":""1000"",""K"":""1"",""N"":""1000000"",""rows"":""1000"",""validators"":""100""}"
010-challenge-1000000-1000-512-1,clearing sizes:,certificate,69,"{""A"":""1000"",""B"":""512"",""E"":""1000"",""K"":""1"",""N"":""1000000"",""rows"":""1000"",""validators"":""100""}"
010-challenge-1000000-1000-512-1,clearing sizes:,header_certificate,101,"{""A"":""1000"",""B"":""512"",""E"":""1000"",""K"":""1"",""N"":""1000000"",""rows"":""1000"",""validators"":""100""}"
010-challenge-1000000-1000-512-1,clearing sizes:,header_roots_withdrawal_total_certificate,293,"{""A"":""1000"",""B"":""512"",""E"":""1000"",""K"":""1"",""N"":""1000000"",""rows"":""1000"",""validators"":""100""}"
010-challenge-1000000-1000-512-1,clearing sizes:,entry_receipt,305,"{""A"":""1000"",""B"":""512"",""E"":""1000"",""K"":""1"",""N"":""1000000"",""rows"":""1000"",""validators"":""100""}"
010-challenge-1000000-1000-512-1,clearing challenge:,challenge,622,"{""A"":""1000"",""B"":""512"",""K"":""1"",""N"":""1000000"",""kind"":""debit""}"
010-challenge-1000000-1000-512-1,clearing challenge:,challenge,673,"{""A"":""1000"",""B"":""512"",""K"":""1"",""N"":""1000000"",""kind"":""entry""}"
010-challenge-1000000-1000-512-1,clearing challenge:,challenge,417,"{""A"":""1000"",""B"":""512"",""K"":""1"",""N"":""1000000"",""kind"":""fork""}"
010-challenge-1000000-1000-512-1,clearing omitted payer:,activity_absence,448,"{""A"":""1000"",""B"":""512"",""K"":""1"",""N"":""1000000"",""activity_rows"":""999""}"
010-challenge-1000000-1000-512-1,clearing omitted payer:,challenge,657,"{""A"":""1000"",""B"":""512"",""K"":""1"",""N"":""1000000"",""activity_rows"":""999""}"
011-challenge-1000000-10000-512-1,clearing activity disclosure:,core,16,"{""A"":""10000"",""B"":""512"",""K"":""1"",""N"":""1000000""}"
011-challenge-1000000-10000-512-1,clearing activity disclosure:,value,48,"{""A"":""10000"",""B"":""512"",""K"":""1"",""N"":""1000000""}"
011-challenge-1000000-10000-512-1,clearing activity disclosure:,account_change,80,"{""A"":""10000"",""B"":""512"",""K"":""1"",""N"":""1000000""}"
011-challenge-1000000-10000-512-1,clearing sizes:,identical_dealing,1027491,"{""A"":""10000"",""B"":""512"",""E"":""10000"",""K"":""1"",""N"":""1000000"",""rows"":""10000"",""validators"":""100""}"
011-challenge-1000000-10000-512-1,clearing sizes:,dealt_egress,102749100,"{""A"":""10000"",""B"":""512"",""E"":""10000"",""K"":""1"",""N"":""1000000"",""rows"":""10000"",""validators"":""100""}"
011-challenge-1000000-10000-512-1,clearing sizes:,integrated_commitment,32,"{""A"":""10000"",""B"":""512"",""E"":""10000"",""K"":""1"",""N"":""1000000"",""rows"":""10000"",""validators"":""100""}"
011-challenge-1000000-10000-512-1,clearing sizes:,root_bundle,184,"{""A"":""10000"",""B"":""512"",""E"":""10000"",""K"":""1"",""N"":""1000000"",""rows"":""10000"",""validators"":""100""}"
011-challenge-1000000-10000-512-1,clearing sizes:,withdrawal_total,8,"{""A"":""10000"",""B"":""512"",""E"":""10000"",""K"":""1"",""N"":""1000000"",""rows"":""10000"",""validators"":""100""}"
011-challenge-1000000-10000-512-1,clearing sizes:,descriptor,192,"{""A"":""10000"",""B"":""512"",""E"":""10000"",""K"":""1"",""N"":""1000000"",""rows"":""10000"",""validators"":""100""}"
011-challenge-1000000-10000-512-1,clearing sizes:,certificate,69,"{""A"":""10000"",""B"":""512"",""E"":""10000"",""K"":""1"",""N"":""1000000"",""rows"":""10000"",""validators"":""100""}"
011-challenge-1000000-10000-512-1,clearing sizes:,header_certificate,101,"{""A"":""10000"",""B"":""512"",""E"":""10000"",""K"":""1"",""N"":""1000000"",""rows"":""10000"",""validators"":""100""}"
011-challenge-1000000-10000-512-1,clearing sizes:,header_roots_withdrawal_total_certificate,293,"{""A"":""10000"",""B"":""512"",""E"":""10000"",""K"":""1"",""N"":""1000000"",""rows"":""10000"",""validators"":""100""}"
011-challenge-1000000-10000-512-1,clearing sizes:,entry_receipt,305,"{""A"":""10000"",""B"":""512"",""E"":""10000"",""K"":""1"",""N"":""1000000"",""rows"":""10000"",""validators"":""100""}"
011-challenge-1000000-10000-512-1,clearing challenge:,challenge,751,"{""A"":""10000"",""B"":""512"",""K"":""1"",""N"":""1000000"",""kind"":""debit""}"
011-challenge-1000000-10000-512-1,clearing challenge:,challenge,802,"{""A"":""10000"",""B"":""512"",""K"":""1"",""N"":""1000000"",""kind"":""entry""}"
011-challenge-1000000-10000-512-1,clearing challenge:,challenge,417,"{""A"":""10000"",""B"":""512"",""K"":""1"",""N"":""1000000"",""kind"":""fork""}"
011-challenge-1000000-10000-512-1,clearing omitted payer:,activity_absence,577,"{""A"":""10000"",""B"":""512"",""K"":""1"",""N"":""1000000"",""activity_rows"":""9999""}"
011-challenge-1000000-10000-512-1,clearing omitted payer:,challenge,786,"{""A"":""10000"",""B"":""512"",""K"":""1"",""N"":""1000000"",""activity_rows"":""9999""}"
012-challenge-1000000-100000-512-1,clearing activity disclosure:,core,16,"{""A"":""100000"",""B"":""512"",""K"":""1"",""N"":""1000000""}"
012-challenge-1000000-100000-512-1,clearing activity disclosure:,value,48,"{""A"":""100000"",""B"":""512"",""K"":""1"",""N"":""1000000""}"
012-challenge-1000000-100000-512-1,clearing activity disclosure:,account_change,80,"{""A"":""100000"",""B"":""512"",""K"":""1"",""N"":""1000000""}"
012-challenge-1000000-100000-512-1,clearing sizes:,identical_dealing,10274964,"{""A"":""100000"",""B"":""512"",""E"":""100000"",""K"":""1"",""N"":""1000000"",""rows"":""100000"",""validators"":""100""}"
012-challenge-1000000-100000-512-1,clearing sizes:,dealt_egress,1027496400,"{""A"":""100000"",""B"":""512"",""E"":""100000"",""K"":""1"",""N"":""1000000"",""rows"":""100000"",""validators"":""100""}"
012-challenge-1000000-100000-512-1,clearing sizes:,integrated_commitment,32,"{""A"":""100000"",""B"":""512"",""E"":""100000"",""K"":""1"",""N"":""1000000"",""rows"":""100000"",""validators"":""100""}"
012-challenge-1000000-100000-512-1,clearing sizes:,root_bundle,184,"{""A"":""100000"",""B"":""512"",""E"":""100000"",""K"":""1"",""N"":""1000000"",""rows"":""100000"",""validators"":""100""}"
012-challenge-1000000-100000-512-1,clearing sizes:,withdrawal_total,8,"{""A"":""100000"",""B"":""512"",""E"":""100000"",""K"":""1"",""N"":""1000000"",""rows"":""100000"",""validators"":""100""}"
012-challenge-1000000-100000-512-1,clearing sizes:,descriptor,192,"{""A"":""100000"",""B"":""512"",""E"":""100000"",""K"":""1"",""N"":""1000000"",""rows"":""100000"",""validators"":""100""}"
012-challenge-1000000-100000-512-1,clearing sizes:,certificate,69,"{""A"":""100000"",""B"":""512"",""E"":""100000"",""K"":""1"",""N"":""1000000"",""rows"":""100000"",""validators"":""100""}"
012-challenge-1000000-100000-512-1,clearing sizes:,header_certificate,101,"{""A"":""100000"",""B"":""512"",""E"":""100000"",""K"":""1"",""N"":""1000000"",""rows"":""100000"",""validators"":""100""}"
012-challenge-1000000-100000-512-1,clearing sizes:,header_roots_withdrawal_total_certificate,293,"{""A"":""100000"",""B"":""512"",""E"":""100000"",""K"":""1"",""N"":""1000000"",""rows"":""100000"",""validators"":""100""}"
012-challenge-1000000-100000-512-1,clearing sizes:,entry_receipt,305,"{""A"":""100000"",""B"":""512"",""E"":""100000"",""K"":""1"",""N"":""1000000"",""rows"":""100000"",""validators"":""100""}"
012-challenge-1000000-100000-512-1,clearing challenge:,challenge,847,"{""A"":""100000"",""B"":""512"",""K"":""1"",""N"":""1000000"",""kind"":""debit""}"
012-challenge-1000000-100000-512-1,clearing challenge:,challenge,898,"{""A"":""100000"",""B"":""512"",""K"":""1"",""N"":""1000000"",""kind"":""entry""}"
012-challenge-1000000-100000-512-1,clearing challenge:,challenge,417,"{""A"":""100000"",""B"":""512"",""K"":""1"",""N"":""1000000"",""kind"":""fork""}"
012-challenge-1000000-100000-512-1,clearing omitted payer:,activity_absence,673,"{""A"":""100000"",""B"":""512"",""K"":""1"",""N"":""1000000"",""activity_rows"":""99999""}"
012-challenge-1000000-100000-512-1,clearing omitted payer:,challenge,882,"{""A"":""100000"",""B"":""512"",""K"":""1"",""N"":""1000000"",""activity_rows"":""99999""}"
013-challenge-1000000-1000000-512-1,clearing activity disclosure:,core,16,"{""A"":""1000000"",""B"":""512"",""K"":""1"",""N"":""1000000""}"
013-challenge-1000000-1000000-512-1,clearing activity disclosure:,value,48,"{""A"":""1000000"",""B"":""512"",""K"":""1"",""N"":""1000000""}"
013-challenge-1000000-1000000-512-1,clearing activity disclosure:,account_change,80,"{""A"":""1000000"",""B"":""512"",""K"":""1"",""N"":""1000000""}"
013-challenge-1000000-1000000-512-1,clearing sizes:,identical_dealing,102750004,"{""A"":""1000000"",""B"":""512"",""E"":""1000000"",""K"":""1"",""N"":""1000000"",""rows"":""1000000"",""validators"":""100""}"
013-challenge-1000000-1000000-512-1,clearing sizes:,dealt_egress,10275000400,"{""A"":""1000000"",""B"":""512"",""E"":""1000000"",""K"":""1"",""N"":""1000000"",""rows"":""1000000"",""validators"":""100""}"
013-challenge-1000000-1000000-512-1,clearing sizes:,integrated_commitment,32,"{""A"":""1000000"",""B"":""512"",""E"":""1000000"",""K"":""1"",""N"":""1000000"",""rows"":""1000000"",""validators"":""100""}"
013-challenge-1000000-1000000-512-1,clearing sizes:,root_bundle,184,"{""A"":""1000000"",""B"":""512"",""E"":""1000000"",""K"":""1"",""N"":""1000000"",""rows"":""1000000"",""validators"":""100""}"
013-challenge-1000000-1000000-512-1,clearing sizes:,withdrawal_total,8,"{""A"":""1000000"",""B"":""512"",""E"":""1000000"",""K"":""1"",""N"":""1000000"",""rows"":""1000000"",""validators"":""100""}"
013-challenge-1000000-1000000-512-1,clearing sizes:,descriptor,192,"{""A"":""1000000"",""B"":""512"",""E"":""1000000"",""K"":""1"",""N"":""1000000"",""rows"":""1000000"",""validators"":""100""}"
013-challenge-1000000-1000000-512-1,clearing sizes:,certificate,69,"{""A"":""1000000"",""B"":""512"",""E"":""1000000"",""K"":""1"",""N"":""1000000"",""rows"":""1000000"",""validators"":""100""}"
013-challenge-1000000-1000000-512-1,clearing sizes:,header_certificate,101,"{""A"":""1000000"",""B"":""512"",""E"":""1000000"",""K"":""1"",""N"":""1000000"",""rows"":""1000000"",""validators"":""100""}"
013-challenge-1000000-1000000-512-1,clearing sizes:,header_roots_withdrawal_total_certificate,293,"{""A"":""1000000"",""B"":""512"",""E"":""1000000"",""K"":""1"",""N"":""1000000"",""rows"":""1000000"",""validators"":""100""}"
013-challenge-1000000-1000000-512-1,clearing sizes:,entry_receipt,305,"{""A"":""1000000"",""B"":""512"",""E"":""1000000"",""K"":""1"",""N"":""1000000"",""rows"":""1000000"",""validators"":""100""}"
013-challenge-1000000-1000000-512-1,clearing challenge:,challenge,943,"{""A"":""1000000"",""B"":""512"",""K"":""1"",""N"":""1000000"",""kind"":""debit""}"
013-challenge-1000000-1000000-512-1,clearing challenge:,challenge,994,"{""A"":""1000000"",""B"":""512"",""K"":""1"",""N"":""1000000"",""kind"":""entry""}"
013-challenge-1000000-1000000-512-1,clearing challenge:,challenge,417,"{""A"":""1000000"",""B"":""512"",""K"":""1"",""N"":""1000000"",""kind"":""fork""}"
013-challenge-1000000-1000000-512-1,clearing omitted payer:,activity_absence,769,"{""A"":""1000000"",""B"":""512"",""K"":""1"",""N"":""1000000"",""activity_rows"":""999999""}"
013-challenge-1000000-1000000-512-1,clearing omitted payer:,challenge,978,"{""A"":""1000000"",""B"":""512"",""K"":""1"",""N"":""1000000"",""activity_rows"":""999999""}"
